{"cameraMode":{"drawMode":0,"name":"Shaded","section":"Shading Mode"},"sceneLighting":false,"audioPlay":false,"sceneViewState":{"m_AlwaysRefresh":false,"showFog":true,"showSkybox":false,"showFlares":true,"showImageEffects":true,"showParticleSystems":true,"showVisualEffectGraphs":true,"m_FxEnabled":true},"in2DMode":false,"pivot":{"x":-0.03599977493286133,"y":0.02500009536743164,"z":-0.10300016403198242},"rotation":{"x":-0.1608385592699051,"y":0.015907080844044687,"z":0.0024616513401269914,"w":0.9872166514396668},"size":12.12435531616211,"orthographic":false}