{"cameraMode":{"drawMode":0,"name":"Shaded","section":"Shading Mode"},"sceneLighting":true,"audioPlay":false,"sceneViewState":{"m_AlwaysRefresh":false,"showFog":true,"showSkybox":true,"showFlares":true,"showImageEffects":true,"showParticleSystems":true,"showVisualEffectGraphs":true,"m_FxEnabled":true},"in2DMode":false,"pivot":{"x":-240.98931884765626,"y":27.758106231689454,"z":267.4211730957031},"rotation":{"x":-0.004336891695857048,"y":-0.6743067502975464,"z":0.006398621015250683,"w":0.7413018941879273},"size":2.5679056644439699,"orthographic":false}