{"cameraMode":{"drawMode":0,"name":"Shaded","section":"Shading Mode"},"sceneLighting":false,"audioPlay":false,"sceneViewState":{"m_AlwaysRefresh":false,"showFog":true,"showSkybox":false,"showFlares":true,"showImageEffects":true,"showParticleSystems":true,"showVisualEffectGraphs":true,"m_FxEnabled":true},"in2DMode":false,"pivot":{"x":-0.019339561462402345,"y":0.2357163429260254,"z":0.15586209297180177},"rotation":{"x":0.09695354849100113,"y":-0.2463623434305191,"z":0.02472051978111267,"w":0.9641320109367371},"size":6.785950660705566,"orthographic":false}